timestamp,Basel Temperature [2 m elevation corrected]
20180101T0000,9.790529
20180101T0100,8.970529
20180101T0200,8.690529
20180101T0300,7.9605284
20180101T0400,7.3605285
20180101T0500,6.8105288
20180101T0600,6.1505284
20180101T0700,5.9005284
20180101T0800,5.9305286
20180101T0900,6.7505283
20180101T1000,7.2105284
20180101T1100,7.8205285
20180101T1200,9.480529
20180101T1300,9.110529
20180101T1400,8.3005295
20180101T1500,8.200529
20180101T1600,8.080529
20180101T1700,6.5305285
20180101T1800,6.2705283
20180101T1900,6.1805286
20180101T2000,6.4505286
20180101T2100,6.1405287
20180101T2200,5.1805286
20180101T2300,5.5005283
20180102T0000,4.9305286
20180102T0100,4.5105286
20180102T0200,4.4805284
20180102T0300,4.3805285
20180102T0400,4.2305284
20180102T0500,4.0905285
20180102T0600,3.9505286
20180102T0700,3.7005286
20180102T0800,3.8305285
20180102T0900,4.4005284
20180102T1000,4.9505286
20180102T1100,5.4605284
20180102T1200,7.0005283
20180102T1300,7.2305284
20180102T1400,7.6905284
20180102T1500,7.8605285
20180102T1600,7.0905285
20180102T1700,6.7705283
20180102T1800,6.7505283
20180102T1900,6.8505287
20180102T2000,5.0205283
20180102T2100,4.6605287
20180102T2200,5.4005284
20180102T2300,6.9905286
20180103T0000,8.770529
20180103T0100,9.560529
20180103T0200,9.8005295
20180103T0300,9.990529
20180103T0400,10.990529
20180103T0500,11.370529
20180103T0600,12.0505295
20180103T0700,12.450529
20180103T0800,11.950529
20180103T0900,11.560529
20180103T1000,10.350529
20180103T1100,9.710529
20180103T1200,6.3105288
20180103T1300,8.090529
20180103T1400,7.6705284
20180103T1500,7.2605286
20180103T1600,6.7705283
20180103T1700,6.3905287
20180103T1800,6.2405286
20180103T1900,6.3105288
20180103T2000,6.3405285
20180103T2100,6.5505285
20180103T2200,6.7405286
20180103T2300,6.9005284
20180104T0000,7.2405286
20180104T0100,6.6205287
20180104T0200,6.5105286
20180104T0300,6.5805287
20180104T0400,6.7005286
20180104T0500,7.0705285
20180104T0600,7.040529
20180104T0700,7.2605286
20180104T0800,9.000529
20180104T0900,11.000529
20180104T1000,11.490529
20180104T1100,12.410529
20180104T1200,13.090529
20180104T1300,12.760529
20180104T1400,12.620529
20180104T1500,12.620529
20180104T1600,12.410529
20180104T1700,12.170529
20180104T1800,12.210529
20180104T1900,11.920529
20180104T2000,11.810529
20180104T2100,11.590529
20180104T2200,11.510529
20180104T2300,11.3005295
20180105T0000,11.170529
20180105T0100,10.840529
20180105T0200,10.140529
20180105T0300,9.900529
20180105T0400,9.920529
20180105T0500,9.070529
20180105T0600,8.760529
20180105T0700,9.520529
20180105T0800,9.720529
20180105T0900,11.390529
20180105T1000,12.140529
20180105T1100,13.060529
20180105T1200,14.540529
20180105T1300,13.710529
20180105T1400,13.330529
20180105T1500,14.010529
20180105T1600,13.020529
20180105T1700,11.860529
20180105T1800,11.930529
20180105T1900,11.310529
20180105T2000,10.100529
20180105T2100,9.840529
20180105T2200,9.510529
20180105T2300,9.010529
20180106T0000,8.650529
20180106T0100,8.710529
20180106T0200,8.680529
20180106T0300,8.660529
20180106T0400,8.440529
20180106T0500,7.9605284
20180106T0600,7.6105285
20180106T0700,6.8005285
20180106T0800,6.1005287
20180106T0900,7.1205287
20180106T1000,9.200529
20180106T1100,10.420529
20180106T1200,11.820529
20180106T1300,12.290529
20180106T1400,12.370529
20180106T1500,11.730529
20180106T1600,10.590529
20180106T1700,9.080529
20180106T1800,7.4905286
20180106T1900,6.9305286
20180106T2000,6.9005284
20180106T2100,6.5505285
20180106T2200,5.9905286
20180106T2300,6.2405286
20180107T0000,6.3605285
20180107T0100,6.2305284
20180107T0200,5.8705287
20180107T0300,5.4205284
20180107T0400,5.0005283
20180107T0500,5.0505285
20180107T0600,5.2205286
20180107T0700,4.5005283
20180107T0800,4.2105284
20180107T0900,5.1905284
20180107T1000,5.8805285
20180107T1100,6.4105287
20180107T1200,6.4605284
20180107T1300,7.7405286
20180107T1400,8.710529
20180107T1500,9.240529
20180107T1600,8.640529
20180107T1700,7.9205284
20180107T1800,7.3005285
20180107T1900,6.9105287
20180107T2000,6.8805285
20180107T2100,6.4705286
20180107T2200,6.1405287
20180107T2300,5.7005286
20180108T0000,4.8705287
20180108T0100,4.3505287
20180108T0200,4.0705285
20180108T0300,4.0605288
20180108T0400,3.8605285
20180108T0500,3.3505285
20180108T0600,3.1805286
20180108T0700,3.0105286
20180108T0800,3.0705285
20180108T0900,3.5705285
20180108T1000,4.4505286
20180108T1100,5.7105284
20180108T1200,11.100529
20180108T1300,12.270529
20180108T1400,12.510529
20180108T1500,12.180529
20180108T1600,8.790529
20180108T1700,7.0105286
20180108T1800,6.6005287
20180108T1900,6.4705286
20180108T2000,6.7105284
20180108T2100,6.9205284
20180108T2200,7.7205286
20180108T2300,7.7705283
20180109T0000,7.0005283
20180109T0100,5.9805284
20180109T0200,3.9705286
20180109T0300,3.6705287
20180109T0400,4.1605287
20180109T0500,4.0705285
20180109T0600,4.7205286
20180109T0700,4.9405284
20180109T0800,5.1605287
20180109T0900,6.1305285
20180109T1000,8.260529
20180109T1100,9.470529
20180109T1200,9.820529
20180109T1300,11.190529
20180109T1400,11.990529
20180109T1500,11.250529
20180109T1600,11.260529
20180109T1700,11.200529
20180109T1800,10.090529
20180109T1900,8.810529
20180109T2000,8.810529
20180109T2100,9.090529
20180109T2200,8.690529
20180109T2300,8.0505295
20180110T0000,7.5205283
20180110T0100,7.1205287
20180110T0200,7.4805284
20180110T0300,7.5105286
20180110T0400,6.8005285
20180110T0500,5.1805286
20180110T0600,4.9505286
20180110T0700,4.2405286
20180110T0800,4.5705285
20180110T0900,6.9805284
20180110T1000,8.890529
20180110T1100,10.260529
20180110T1200,11.0505295
20180110T1300,11.350529
20180110T1400,10.940529
20180110T1500,9.830529
20180110T1600,9.180529
20180110T1700,8.480529
20180110T1800,6.7405286
20180110T1900,6.0805287
20180110T2000,6.3905287
20180110T2100,5.7605286
20180110T2200,4.0505285
20180110T2300,4.3405285
20180111T0000,5.8705287
20180111T0100,6.7105284
20180111T0200,5.7005286
20180111T0300,5.1405287
20180111T0400,4.6305285
20180111T0500,4.4605284
20180111T0600,4.2605286
20180111T0700,4.2005286
20180111T0800,4.4005284
20180111T0900,5.2405286
20180111T1000,6.6105285
20180111T1100,7.6605287
20180111T1200,8.110529
20180111T1300,8.460529
20180111T1400,8.730529
20180111T1500,8.280529
20180111T1600,7.8505287
20180111T1700,7.5005283
20180111T1800,7.0105286
20180111T1900,6.6505284
20180111T2000,6.4005284
20180111T2100,6.0705285
20180111T2200,5.7405286
20180111T2300,5.3605285
20180112T0000,5.0205283
20180112T0100,4.7605286
20180112T0200,4.5605288
20180112T0300,4.3805285
20180112T0400,4.2005286
20180112T0500,3.9205287
20180112T0600,3.7805285
20180112T0700,3.7305286
20180112T0800,3.9705286
20180112T0900,4.7805285
20180112T1000,6.1105285
20180112T1100,7.2305284
20180112T1200,5.1305285
20180112T1300,4.6605287
20180112T1400,4.3205285
20180112T1500,4.4505286
20180112T1600,4.4905286
20180112T1700,4.6205287
20180112T1800,4.5905285
20180112T1900,4.4105287
20180112T2000,4.3405285
20180112T2100,4.1105285
20180112T2200,3.9605286
20180112T2300,3.4805286
20180113T0000,2.2405286
20180113T0100,1.7705287
20180113T0200,1.2805287
20180113T0300,1.1805286
20180113T0400,1.3605287
20180113T0500,1.2805287
20180113T0600,0.98052865
20180113T0700,0.61052865
20180113T0800,0.48052865
20180113T0900,1.0405287
20180113T1000,1.9605286
20180113T1100,3.2005286
20180113T1200,5.0705285
20180113T1300,6.1705284
20180113T1400,6.7705283
20180113T1500,6.7205286
20180113T1600,5.7005286
20180113T1700,4.1205287
20180113T1800,2.6805286
20180113T1900,1.2205287
20180113T2000,0.24052864
20180113T2100,-0.04947134
20180113T2200,0.37052867
20180113T2300,1.3505287
20180114T0000,1.0605286
20180114T0100,0.49052867
20180114T0200,0.14052865
20180114T0300,-0.29947135
20180114T0400,-0.34947133
20180114T0500,-0.23947135
20180114T0600,0.030528657
20180114T0700,-0.04947134
20180114T0800,0.26052865
20180114T0900,1.4005287
20180114T1000,2.6605287
20180114T1100,3.8305285
20180114T1200,6.2805285
20180114T1300,7.3105288
20180114T1400,7.5705285
20180114T1500,7.0905285
20180114T1600,5.9805284
20180114T1700,4.5505285
20180114T1800,3.0805285
20180114T1900,2.3905284
20180114T2000,2.0205286
20180114T2100,1.5605286
20180114T2200,1.0805286
20180114T2300,0.47052866
20180115T0000,1.1505287
20180115T0100,1.1805286
20180115T0200,1.0105287
20180115T0300,1.4605286
20180115T0400,1.6405287
20180115T0500,2.1605287
20180115T0600,2.1005285
20180115T0700,2.1605287
20180115T0800,2.8405285
20180115T0900,3.6705287
20180115T1000,5.3505287
20180115T1100,7.5605288
20180115T1200,9.0505295
20180115T1300,10.420529
20180115T1400,10.160529
20180115T1500,8.630529
20180115T1600,7.7505283
20180115T1700,7.2805285
20180115T1800,7.2205286
20180115T1900,7.4505286
20180115T2000,7.6105285
20180115T2100,7.3605285
20180115T2200,6.790529
20180115T2300,6.9105287
20180116T0000,6.8405285
20180116T0100,6.9905286
20180116T0200,6.8805285
20180116T0300,6.6305285
20180116T0400,6.6105285
20180116T0500,6.4905286
20180116T0600,6.5205283
20180116T0700,6.7305284
20180116T0800,6.9805284
20180116T0900,7.5605288
20180116T1000,7.6505284
20180116T1100,7.9505286
20180116T1200,9.200529
20180116T1300,8.830529
20180116T1400,8.460529
20180116T1500,8.180529
20180116T1600,7.8105288
20180116T1700,7.5505285
20180116T1800,7.3205285
20180116T1900,6.9705286
20180116T2000,6.6905284
20180116T2100,6.2305284
20180116T2200,6.0605288
20180116T2300,5.8505287
20180117T0000,5.5305285
20180117T0100,4.8605285
20180117T0200,4.5805287
20180117T0300,4.2505283
20180117T0400,3.8005285
20180117T0500,3.3305285
20180117T0600,3.1405284
20180117T0700,2.8305285
20180117T0800,2.9505286
20180117T0900,3.4105287
20180117T1000,3.6405284
20180117T1100,4.1705284
20180117T1200,3.2705286
20180117T1300,3.7405286
20180117T1400,3.8605285
20180117T1500,3.7205286
20180117T1600,3.0205286
20180117T1700,2.7605286
20180117T1800,2.8205285
20180117T1900,2.7205286
20180117T2000,2.2605286
20180117T2100,2.6805286
20180117T2200,2.8305285
20180117T2300,2.9405286
20180118T0000,2.9805286
20180118T0100,3.1905286
20180118T0200,3.4005284
20180118T0300,3.5305285
20180118T0400,3.6205285
20180118T0500,3.8505285
20180118T0600,4.2505283
20180118T0700,4.0605288
20180118T0800,5.1305285
20180118T0900,6.1705284
20180118T1000,6.9305286
20180118T1100,7.9805284
20180118T1200,8.910529
20180118T1300,9.380529
20180118T1400,9.540529
20180118T1500,9.490529
20180118T1600,8.770529
20180118T1700,8.710529
20180118T1800,8.770529
20180118T1900,8.8005295
20180118T2000,8.870529
20180118T2100,8.610529
20180118T2200,8.3005295
20180118T2300,8.090529
20180119T0000,7.4705286
20180119T0100,6.5605288
20180119T0200,5.5205283
20180119T0300,5.1205287
20180119T0400,4.8805285
20180119T0500,4.6005287
20180119T0600,4.2205286
20180119T0700,3.9605286
20180119T0800,3.7505286
20180119T0900,4.3405285
20180119T1000,4.7105284
20180119T1100,4.7305284
20180119T1200,5.7805285
20180119T1300,6.6605287
20180119T1400,6.2405286
20180119T1500,5.4905286
20180119T1600,5.1605287
20180119T1700,4.8705287
20180119T1800,4.0805287
20180119T1900,3.3605285
20180119T2000,2.8805285
20180119T2100,2.9905286
20180119T2200,2.6805286
20180119T2300,2.7105286
20180120T0000,2.9605286
20180120T0100,2.9305286
20180120T0200,2.8405285
20180120T0300,2.5105286
20180120T0400,2.5605285
20180120T0500,2.3005285
20180120T0600,2.3505285
20180120T0700,2.7405286
20180120T0800,3.5505285
20180120T0900,4.2605286
20180120T1000,4.5505285
20180120T1100,5.0005283
20180120T1200,5.9605284
20180120T1300,5.290529
20180120T1400,5.4905286
20180120T1500,5.3205285
20180120T1600,5.2805285
20180120T1700,7.5805287
20180120T1800,7.9305286
20180120T1900,7.7605286
20180120T2000,7.2705283
20180120T2100,6.6805286
20180120T2200,5.8405285
20180120T2300,5.1205287
20180121T0000,4.7105284
20180121T0100,3.9705286
20180121T0200,3.4105287
20180121T0300,3.3905284
20180121T0400,3.3205285
20180121T0500,3.1405284
20180121T0600,3.0905285
20180121T0700,2.8805285
20180121T0800,3.2405286
20180121T0900,3.7105286
20180121T1000,4.4505286
20180121T1100,5.1305285
20180121T1200,5.2505283
20180121T1300,5.3105288
20180121T1400,5.3705287
20180121T1500,5.7405286
20180121T1600,5.4205284
20180121T1700,5.1205287
20180121T1800,5.0805287
20180121T1900,5.0805287
20180121T2000,4.9805284
20180121T2100,4.2405286
20180121T2200,4.0505285
20180121T2300,4.0305285
20180122T0000,4.6705284
20180122T0100,7.0605288
20180122T0200,8.480529
20180122T0300,8.810529
20180122T0400,9.180529
20180122T0500,9.340529
20180122T0600,9.490529
20180122T0700,9.480529
20180122T0800,9.720529
20180122T0900,9.840529
20180122T1000,10.090529
20180122T1100,10.170529
20180122T1200,11.220529
20180122T1300,12.250529
20180122T1400,11.950529
20180122T1500,11.650529
20180122T1600,7.6705284
20180122T1700,8.110529
20180122T1800,7.9405284
20180122T1900,7.5205283
20180122T2000,8.200529
20180122T2100,8.180529
20180122T2200,7.9205284
20180122T2300,7.8505287
20180123T0000,6.3205285
20180123T0100,6.2305284
20180123T0200,7.1105285
20180123T0300,5.7005286
20180123T0400,5.4905286
20180123T0500,5.6005287
20180123T0600,5.8505287
20180123T0700,5.0905285
20180123T0800,5.0705285
20180123T0900,6.9905286
20180123T1000,9.070529
20180123T1100,10.060529
20180123T1200,8.320529
20180123T1300,8.590529
20180123T1400,8.950529
20180123T1500,8.910529
20180123T1600,8.310529
20180123T1700,7.5305285
20180123T1800,7.0705285
20180123T1900,7.3505287
20180123T2000,6.6005287
20180123T2100,6.0705285
20180123T2200,6.3705287
20180123T2300,6.0905285
20180124T0000,6.2705283
20180124T0100,6.9805284
20180124T0200,7.5105286
20180124T0300,7.9305286
20180124T0400,7.8305287
20180124T0500,7.3105288
20180124T0600,6.7005286
20180124T0700,6.5505285
20180124T0800,6.5005283
20180124T0900,7.0905285
20180124T1000,9.250529
20180124T1100,11.3005295
20180124T1200,12.290529
20180124T1300,13.530529
20180124T1400,14.810529
20180124T1500,14.650529
20180124T1600,12.460529
20180124T1700,10.370529
20180124T1800,9.900529
20180124T1900,10.080529
20180124T2000,10.270529
20180124T2100,10.130529
20180124T2200,10.130529
20180124T2300,9.890529
20180125T0000,9.630529
20180125T0100,8.950529
20180125T0200,7.8405285
20180125T0300,7.1805286
20180125T0400,6.9505286
20180125T0500,6.6505284
20180125T0600,6.6805286
20180125T0700,6.6905284
20180125T0800,7.5205283
20180125T0900,8.620529
20180125T1000,9.570529
20180125T1100,10.880529
20180125T1200,10.820529
20180125T1300,11.360529
20180125T1400,12.410529
20180125T1500,13.760529
20180125T1600,13.370529
20180125T1700,10.950529
20180125T1800,10.310529
20180125T1900,10.610529
20180125T2000,9.650529
20180125T2100,8.320529
20180125T2200,7.7605286
20180125T2300,7.3505287
20180126T0000,7.4705286
20180126T0100,6.9005284
20180126T0200,6.5505285
20180126T0300,6.7705283
20180126T0400,6.9505286
20180126T0500,6.9505286
20180126T0600,6.5905285
20180126T0700,6.6805286
20180126T0800,6.3105288
20180126T0900,6.9805284
20180126T1000,7.3805285
20180126T1100,7.5605288
20180126T1200,7.6505284
20180126T1300,7.6905284
20180126T1400,8.110529
20180126T1500,8.310529
20180126T1600,8.220529
20180126T1700,7.5505285
20180126T1800,7.1105285
20180126T1900,6.540529
20180126T2000,6.2205286
20180126T2100,6.2105284
20180126T2200,5.9605284
20180126T2300,5.8305287
20180127T0000,5.8505287
20180127T0100,5.6605287
20180127T0200,5.5505285
20180127T0300,5.5105286
20180127T0400,5.5205283
20180127T0500,5.4705286
20180127T0600,5.2805285
20180127T0700,5.3505287
20180127T0800,5.7305284
20180127T0900,6.6805286
20180127T1000,8.020529
20180127T1100,8.910529
20180127T1200,9.150529
20180127T1300,9.220529
20180127T1400,9.530529
20180127T1500,9.720529
20180127T1600,9.330529
20180127T1700,8.910529
20180127T1800,8.680529
20180127T1900,8.510529
20180127T2000,8.340529
20180127T2100,7.8105288
20180127T2200,6.1505284
20180127T2300,4.9605284
20180128T0000,4.3905287
20180128T0100,3.9205287
20180128T0200,3.9105287
20180128T0300,3.0205286
20180128T0400,2.6105285
20180128T0500,2.2505286
20180128T0600,2.4205287
20180128T0700,2.6905286
20180128T0800,2.9705286
20180128T0900,4.9305286
20180128T1000,7.8205285
20180128T1100,9.480529
20180128T1200,9.330529
20180128T1300,9.8005295
20180128T1400,9.960529
20180128T1500,10.490529
20180128T1600,9.780529
20180128T1700,8.890529
20180128T1800,8.3005295
20180128T1900,7.8605285
20180128T2000,7.4605284
20180128T2100,7.0805287
20180128T2200,6.1905284
20180128T2300,6.4905286
20180129T0000,6.6405287
20180129T0100,5.8705287
20180129T0200,5.4805284
20180129T0300,5.4905286
20180129T0400,5.3005285
20180129T0500,4.7505283
20180129T0600,4.1505284
20180129T0700,3.7105286
20180129T0800,4.0705285
20180129T0900,6.1905284
20180129T1000,8.660529
20180129T1100,9.620529
20180129T1200,10.3005295
20180129T1300,10.5505295
20180129T1400,10.290529
20180129T1500,9.790529
20180129T1600,8.840529
20180129T1700,7.6405287
20180129T1800,7.0105286
20180129T1900,6.5105286
20180129T2000,6.1705284
20180129T2100,5.8305287
20180129T2200,5.7105284
20180129T2300,5.8205285
20180130T0000,6.1405287
20180130T0100,5.8605285
20180130T0200,5.1305285
20180130T0300,5.1605287
20180130T0400,5.1005287
20180130T0500,5.4205284
20180130T0600,5.5005283
20180130T0700,5.5905285
20180130T0800,6.3105288
20180130T0900,7.6905284
20180130T1000,9.640529
20180130T1100,10.680529
20180130T1200,10.450529
20180130T1300,10.790529
20180130T1400,10.920529
20180130T1500,10.710529
20180130T1600,10.460529
20180130T1700,9.710529
20180130T1800,9.210529
20180130T1900,8.470529
20180130T2000,7.9205284
20180130T2100,7.2605286
20180130T2200,6.2705283
20180130T2300,5.6705284
20180131T0000,5.8005285
20180131T0100,5.3205285
20180131T0200,4.8805285
20180131T0300,4.7305284
20180131T0400,4.4605284
20180131T0500,5.0505285
20180131T0600,4.6205287
20180131T0700,3.9405286
20180131T0800,4.5805287
20180131T0900,6.8405285
20180131T1000,9.600529
20180131T1100,10.390529
20180131T1200,11.910529
20180131T1300,12.940529
20180131T1400,12.910529
20180131T1500,12.850529
20180131T1600,12.400529
20180131T1700,10.830529
20180131T1800,10.610529
20180131T1900,11.270529
20180131T2000,10.170529
20180131T2100,9.080529
20180131T2200,8.560529
20180131T2300,7.3505287
20180201T0000,6.7505283
20180201T0100,6.6605287
20180201T0200,6.1805286
20180201T0300,6.2505283
20180201T0400,5.1305285
20180201T0500,4.5705285
20180201T0600,2.8105285
20180201T0700,2.4505286
20180201T0800,3.1805286
20180201T0900,4.3805285
20180201T1000,5.2005286
20180201T1100,5.9405284
20180201T1200,6.4205284
20180201T1300,6.7205286
20180201T1400,6.5105286
20180201T1500,6.3405285
20180201T1600,5.7505283
20180201T1700,4.8805285
20180201T1800,4.5905285
20180201T1900,4.3505287
20180201T2000,4.1905284
20180201T2100,2.0205286
20180201T2200,1.5405287
20180201T2300,1.0105287
20180202T0000,0.6405287
20180202T0100,0.21052867
20180202T0200,-0.23947135
20180202T0300,-0.13947135
20180202T0400,0.050528657
20180202T0500,0.18052867
20180202T0600,-0.22947133
20180202T0700,-0.40947133
20180202T0800,0.5805287
20180202T0900,2.2105286
20180202T1000,3.1305285
20180202T1100,4.020529
20180202T1200,5.1905284
20180202T1300,5.2505283
20180202T1400,5.4905286
20180202T1500,5.0605288
20180202T1600,4.790529
20180202T1700,3.3305285
20180202T1800,2.2905285
20180202T1900,1.3105286
20180202T2000,0.7005287
20180202T2100,0.31052867
20180202T2200,0.24052864
20180202T2300,0.20052865
20180203T0000,0.80052865
20180203T0100,0.7505287
20180203T0200,0.9505287
20180203T0300,1.1505287
20180203T0400,0.87052864
20180203T0500,0.7005287
20180203T0600,0.33052868
20180203T0700,0.47052866
20180203T0800,0.8905287
20180203T0900,1.8505287
20180203T1000,2.3305285
20180203T1100,3.1105285
20180203T1200,4.0905285
20180203T1300,4.5005283
20180203T1400,4.4905286
20180203T1500,4.2705283
20180203T1600,3.9405286
20180203T1700,2.5605285
20180203T1800,1.7305287
20180203T1900,1.1105287
20180203T2000,0.91052866
20180203T2100,0.6905287
20180203T2200,0.44052866
20180203T2300,0.44052866
20180204T0000,0.78052866
20180204T0100,0.9605287
20180204T0200,1.2505287
20180204T0300,1.2105286
20180204T0400,0.92052865
20180204T0500,0.44052866
20180204T0600,0.09052865
20180204T0700,-0.08947134
20180204T0800,0.7505287
20180204T0900,2.1805286
20180204T1000,3.4705286
20180204T1100,4.9505286
20180204T1200,5.1805286
20180204T1300,5.7105284
20180204T1400,5.9805284
20180204T1500,5.9105287
20180204T1600,5.4805284
20180204T1700,4.0805287
20180204T1800,1.3005286
20180204T1900,0.68052864
20180204T2000,0.24052864
20180204T2100,0.25052866
20180204T2200,0.25052866
20180204T2300,0.19052866
20180205T0000,0.23052865
20180205T0100,0.32052866
20180205T0200,0.30052868
20180205T0300,0.31052867
20180205T0400,0.30052868
20180205T0500,0.32052866
20180205T0600,0.32052866
20180205T0700,0.17052865
20180205T0800,0.72052866
20180205T0900,2.4705286
20180205T1000,4.1605287
20180205T1100,5.4305286
20180205T1200,7.0105286
20180205T1300,8.340529
20180205T1400,7.8605285
20180205T1500,7.9805284
20180205T1600,7.790529
20180205T1700,6.7005286
20180205T1800,6.2005286
20180205T1900,4.5805287
20180205T2000,3.4705286
20180205T2100,2.5505285
20180205T2200,2.9505286
20180205T2300,2.7905285
20180206T0000,2.4405286
20180206T0100,1.7005286
20180206T0200,1.0605286
20180206T0300,0.41052866
20180206T0400,0.24052864
20180206T0500,0.27052864
20180206T0600,0.30052868
20180206T0700,0.40052867
20180206T0800,1.2605287
20180206T0900,2.6205285
20180206T1000,4.3805285
20180206T1100,5.7705283
20180206T1200,6.4605284
20180206T1300,7.6005287
20180206T1400,8.060529
20180206T1500,8.040529
20180206T1600,7.3805285
20180206T1700,5.3305287
20180206T1800,4.1605287
20180206T1900,3.7305286
20180206T2000,3.4705286
20180206T2100,3.2005286
20180206T2200,2.8705285
20180206T2300,2.7205286
20180207T0000,2.5205286
20180207T0100,2.1005285
20180207T0200,1.2805287
20180207T0300,1.1305287
20180207T0400,0.81052864
20180207T0500,0.90052867
20180207T0600,0.90052867
20180207T0700,0.7605287
20180207T0800,1.6005287
20180207T0900,2.5605285
20180207T1000,3.2105286
20180207T1100,3.8005285
20180207T1200,2.9705286
20180207T1300,3.2105286
20180207T1400,3.4105287
20180207T1500,3.4205287
20180207T1600,2.8605285
20180207T1700,2.0705285
20180207T1800,1.3005286
20180207T1900,0.91052866
20180207T2000,1.0005287
20180207T2100,1.4005287
20180207T2200,1.6905286
20180207T2300,1.9705287
20180208T0000,1.7105286
20180208T0100,1.4305286
20180208T0200,1.4805287
20180208T0300,1.0005287
20180208T0400,-0.09947134
20180208T0500,-0.50947136
20180208T0600,-0.51947135
20180208T0700,-1.2794713
20180208T0800,-1.0494714
20180208T0900,0.60052866
20180208T1000,2.2805285
20180208T1100,3.6205285
20180208T1200,5.040529
20180208T1300,5.3205285
20180208T1400,5.4605284
20180208T1500,5.3905287
20180208T1600,5.1205287
20180208T1700,3.8305285
20180208T1800,2.6605287
20180208T1900,1.9405286
20180208T2000,1.7605287
20180208T2100,0.6405287
20180208T2200,0.20052865
20180208T2300,0.31052867
20180209T0000,0.91052866
20180209T0100,1.1805286
20180209T0200,0.74052864
20180209T0300,0.53052866
20180209T0400,0.9505287
20180209T0500,1.3805287
20180209T0600,1.2805287
20180209T0700,0.7105287
20180209T0800,2.0105286
20180209T0900,2.8505285
20180209T1000,3.7905285
20180209T1100,4.4005284
20180209T1200,4.6905284
20180209T1300,5.5805287
20180209T1400,5.8205285
20180209T1500,5.8805285
20180209T1600,5.3305287
20180209T1700,4.3205285
20180209T1800,3.2305286
20180209T1900,2.6905286
20180209T2000,2.6505284
20180209T2100,2.3305285
20180209T2200,1.3505287
20180209T2300,1.0705286
20180210T0000,1.5605286
20180210T0100,2.0205286
20180210T0200,1.7205287
20180210T0300,1.1105287
20180210T0400,0.73052865
20180210T0500,0.97052866
20180210T0600,0.59052867
20180210T0700,-0.47947133
20180210T0800,0.18052867
20180210T0900,1.7905287
20180210T1000,2.6905286
20180210T1100,3.4605286
20180210T1200,4.4905286
20180210T1300,4.9905286
20180210T1400,5.1005287
20180210T1500,5.0005283
20180210T1600,4.5605288
20180210T1700,3.3605285
20180210T1800,2.4205287
20180210T1900,1.8105286
20180210T2000,1.4505286
20180210T2100,1.1505287
20180210T2200,0.67052865
20180210T2300,0.30052868
20180211T0000,0.16052866
20180211T0100,-0.009471342
20180211T0200,-0.16947135
20180211T0300,0.33052868
20180211T0400,0.7705287
20180211T0500,1.2205287
20180211T0600,1.7305287
20180211T0700,1.9705287
20180211T0800,2.8305285
20180211T0900,3.6105285
20180211T1000,3.9505286
20180211T1100,5.2005286
20180211T1200,6.6605287
20180211T1300,6.2405286
20180211T1400,5.8205285
20180211T1500,5.2405286
20180211T1600,4.7305284
20180211T1700,4.4205284
20180211T1800,4.4705286
20180211T1900,4.1405287
20180211T2000,4.000529
20180211T2100,3.9905286
20180211T2200,4.0505285
20180211T2300,3.5905285
20180212T0000,2.4005284
20180212T0100,1.7705287
20180212T0200,1.7305287
20180212T0300,1.7005286
20180212T0400,1.6705287
20180212T0500,1.5205287
20180212T0600,1.6605287
20180212T0700,0.31052867
20180212T0800,1.1805286
20180212T0900,1.9405286
20180212T1000,2.1805286
20180212T1100,2.4705286
20180212T1200,2.9205287
20180212T1300,2.9505286
20180212T1400,3.0105286
20180212T1500,2.9605286
20180212T1600,2.8605285
20180212T1700,1.7905287
20180212T1800,0.54052866
20180212T1900,0.10052866
20180212T2000,0.070528656
20180212T2100,-0.26947135
20180212T2200,0.27052864
20180212T2300,0.97052866
20180213T0000,1.0705286
20180213T0100,0.48052865
20180213T0200,-0.039471343
20180213T0300,-0.5594713
20180213T0400,-0.43947133
20180213T0500,-0.16947135
20180213T0600,-1.6194713
20180213T0700,-1.4794713
20180213T0800,-0.07947134
20180213T0900,2.0605285
20180213T1000,3.0105286
20180213T1100,3.3905284
20180213T1200,3.5905285
20180213T1300,4.4005284
20180213T1400,4.7705283
20180213T1500,4.7505283
20180213T1600,4.2305284
20180213T1700,2.7705286
20180213T1800,0.7605287
20180213T1900,-0.5594713
20180213T2000,-0.94947135
20180213T2100,-1.0294713
20180213T2200,-0.94947135
20180213T2300,-0.45947134
20180214T0000,-0.19947135
20180214T0100,-0.14947134
20180214T0200,-0.62947136
20180214T0300,-0.9294713
20180214T0400,-1.1594714
20180214T0500,-1.4094714
20180214T0600,-1.6194713
20180214T0700,-1.8194714
20180214T0800,-0.26947135
20180214T0900,1.2905287
20180214T1000,2.6805286
20180214T1100,3.7305286
20180214T1200,4.6105285
20180214T1300,5.4105287
20180214T1400,6.0205283
20180214T1500,6.2805285
20180214T1600,6.0205283
20180214T1700,4.6005287
20180214T1800,3.0705285
20180214T1900,1.6005287
20180214T2000,0.6405287
20180214T2100,0.37052867
20180214T2200,0.34052867
20180214T2300,0.42052865
20180215T0000,0.42052865
20180215T0100,0.59052867
20180215T0200,0.5205287
20180215T0300,0.56052864
20180215T0400,0.5805287
20180215T0500,0.81052864
20180215T0600,0.84052867
20180215T0700,1.0605286
20180215T0800,2.2005286
20180215T0900,4.8305287
20180215T1000,4.1805286
20180215T1100,4.8305287
20180215T1200,5.9805284
20180215T1300,6.3705287
20180215T1400,7.4305286
20180215T1500,8.210529
20180215T1600,8.450529
20180215T1700,8.010529
20180215T1800,7.2205286
20180215T1900,7.0305285
20180215T2000,7.9305286
20180215T2100,8.940529
20180215T2200,8.920529
20180215T2300,8.960529
20180216T0000,8.750529
20180216T0100,7.5605288
20180216T0200,7.5105286
20180216T0300,5.9205284
20180216T0400,5.3305287
20180216T0500,5.1405287
20180216T0600,4.5805287
20180216T0700,4.4105287
20180216T0800,5.540529
20180216T0900,6.6105285
20180216T1000,7.5005283
20180216T1100,8.850529
20180216T1200,8.750529
20180216T1300,9.010529
20180216T1400,9.260529
20180216T1500,9.420529
20180216T1600,9.070529
20180216T1700,8.560529
20180216T1800,8.020529
20180216T1900,7.5205283
20180216T2000,6.7305284
20180216T2100,6.4405284
20180216T2200,6.5005283
20180216T2300,6.0205283
20180217T0000,5.0905285
20180217T0100,5.2205286
20180217T0200,5.1605287
20180217T0300,4.790529
20180217T0400,4.7105284
20180217T0500,4.5805287
20180217T0600,4.540529
20180217T0700,4.6305285
20180217T0800,4.9905286
20180217T0900,6.0205283
20180217T1000,8.040529
20180217T1100,11.580529
20180217T1200,5.9505286
20180217T1300,6.5505285
20180217T1400,5.3905287
20180217T1500,3.5705285
20180217T1600,3.0305285
20180217T1700,1.9405286
20180217T1800,1.1205287
20180217T1900,0.7705287
20180217T2000,0.68052864
20180217T2100,1.1105287
20180217T2200,1.1605287
20180217T2300,1.0305287
20180218T0000,1.0805286
20180218T0100,0.99052864
20180218T0200,0.8305287
20180218T0300,0.55052865
20180218T0400,0.39052868
20180218T0500,0.20052865
20180218T0600,0.16052866
20180218T0700,0.43052867
20180218T0800,1.4705287
20180218T0900,3.1005285
20180218T1000,4.3305287
20180218T1100,5.1105285
20180218T1200,6.040529
20180218T1300,6.7705283
20180218T1400,7.0905285
20180218T1500,6.9305286
20180218T1600,6.2305284
20180218T1700,4.3705287
20180218T1800,2.7605286
20180218T1900,1.4305286
20180218T2000,0.80052865
20180218T2100,0.55052865
20180218T2200,0.36052868
20180218T2300,0.20052865
20180219T0000,-0.069471344
20180219T0100,-0.15947133
20180219T0200,-0.39947134
20180219T0300,-0.68947136
20180219T0400,-0.6794713
20180219T0500,-0.63947135
20180219T0600,-0.7494713
20180219T0700,-0.69947135
20180219T0800,0.28052866
20180219T0900,1.5005287
20180219T1000,2.5405285
20180219T1100,3.3305285
20180219T1200,3.9905286
20180219T1300,5.1105285
20180219T1400,5.8005285
20180219T1500,6.040529
20180219T1600,5.7005286
20180219T1700,4.6305285
20180219T1800,4.0105286
20180219T1900,3.5705285
20180219T2000,3.1105285
20180219T2100,3.1705287
20180219T2200,3.1005285
20180219T2300,3.0105286
20180220T0000,2.8605285
20180220T0100,2.5405285
20180220T0200,2.1105285
20180220T0300,1.7305287
20180220T0400,1.4305286
20180220T0500,1.3905287
20180220T0600,1.2405287
20180220T0700,0.9505287
20180220T0800,1.8105286
20180220T0900,3.5505285
20180220T1000,4.8005285
20180220T1100,5.4805284
20180220T1200,2.9105287
20180220T1300,3.7405286
20180220T1400,3.8805285
20180220T1500,3.9905286
20180220T1600,3.8905284
20180220T1700,3.1505284
20180220T1800,3.1205285
20180220T1900,1.7305287
20180220T2000,0.7505287
20180220T2100,-0.25947133
20180220T2200,-0.039471343
20180220T2300,-0.5494713
20180221T0000,-1.1694714
20180221T0100,-1.4994713
20180221T0200,-0.87947136
20180221T0300,-1.2794713
20180221T0400,-1.8094714
20180221T0500,-1.7994714
20180221T0600,-1.7894714
20180221T0700,-1.4194714
20180221T0800,-0.45947134
20180221T0900,2.3705285
20180221T1000,3.5905285
20180221T1100,4.5605288
20180221T1200,4.7605286
20180221T1300,5.3105288
20180221T1400,5.4505286
20180221T1500,4.5205283
20180221T1600,3.8605285
20180221T1700,2.6305285
20180221T1800,1.3305286
20180221T1900,0.59052867
20180221T2000,0.5105286
20180221T2100,0.27052864
20180221T2200,0.20052865
20180221T2300,0.12052866
20180222T0000,-0.36947134
20180222T0100,-0.46947134
20180222T0200,-0.44947132
20180222T0300,-0.59947133
20180222T0400,-0.47947133
20180222T0500,-0.7394713
20180222T0600,-1.1694714
20180222T0700,-1.0794713
20180222T0800,-0.20947134
20180222T0900,1.0605286
20180222T1000,1.8305286
20180222T1100,2.3305285
20180222T1200,2.4805286
20180222T1300,2.7705286
20180222T1400,2.9005284
20180222T1500,2.8305285
20180222T1600,2.5305285
20180222T1700,1.4605286
20180222T1800,0.39052868
20180222T1900,0.09052865
20180222T2000,-0.009471342
20180222T2100,-0.019471344
20180222T2200,-0.40947133
20180222T2300,-0.50947136
20180223T0000,-0.77947134
20180223T0100,-0.90947133
20180223T0200,-1.2594713
20180223T0300,-1.6494713
20180223T0400,-1.9094714
20180223T0500,-2.1494715
20180223T0600,-2.3694715
20180223T0700,-2.2394714
20180223T0800,-1.2194713
20180223T0900,0.14052865
20180223T1000,1.4705287
20180223T1100,2.3905284
20180223T1200,2.6905286
20180223T1300,2.9805286
20180223T1400,3.0805285
20180223T1500,2.6705287
20180223T1600,2.2605286
20180223T1700,1.5005287
20180223T1800,0.97052866
20180223T1900,0.6305287
20180223T2000,0.5705287
20180223T2100,0.26052865
20180223T2200,-0.09947134
20180223T2300,-0.39947134
20180224T0000,-0.76947135
20180224T0100,-1.1094713
20180224T0200,-1.2594713
20180224T0300,-1.4594713
20180224T0400,-1.5894713
20180224T0500,-1.7194713
20180224T0600,-1.9594713
20180224T0700,-1.8294713
20180224T0800,-0.6194713
20180224T0900,0.84052867
20180224T1000,1.7505287
20180224T1100,2.8205285
20180224T1200,3.6105285
20180224T1300,4.1405287
20180224T1400,4.0905285
20180224T1500,3.4105287
20180224T1600,2.3905284
20180224T1700,0.8805287
20180224T1800,-0.28947133
20180224T1900,-0.7294713
20180224T2000,-1.1394713
20180224T2100,-1.6894714
20180224T2200,-2.1494715
20180224T2300,-2.7494714
20180225T0000,-3.1294715
20180225T0100,-3.5594714
20180225T0200,-4.3794713
20180225T0300,-4.7894716
20180225T0400,-5.0294714
20180225T0500,-5.4694715
20180225T0600,-5.8394713
20180225T0700,-5.8594713
20180225T0800,-5.0694714
20180225T0900,-4.1594715
20180225T1000,-3.3294713
20180225T1100,-2.5594714
20180225T1200,-0.40947133
20180225T1300,-0.17947134
20180225T1400,-0.43947133
20180225T1500,-1.1594714
20180225T1600,-2.2294714
20180225T1700,-3.6194715
20180225T1800,-4.4194713
20180225T1900,-4.5694714
20180225T2000,-4.6594715
20180225T2100,-4.7494717
20180225T2200,-4.8994713
20180225T2300,-5.1394715
20180226T0000,-5.4394712
20180226T0100,-5.7694716
20180226T0200,-5.9994717
20180226T0300,-6.3194714
20180226T0400,-6.8294716
20180226T0500,-7.209471
20180226T0600,-7.5394716
20180226T0700,-7.5594716
20180226T0800,-6.4994717
20180226T0900,-5.4394712
20180226T1000,-4.8094716
20180226T1100,-4.4494715
20180226T1200,-3.8394713
20180226T1300,-3.9894714
20180226T1400,-4.4794717
20180226T1500,-4.5494714
20180226T1600,-4.9694715
20180226T1700,-5.5294714
20180226T1800,-5.8494716
20180226T1900,-5.9494715
20180226T2000,-6.0794716
20180226T2100,-6.3294716
20180226T2200,-6.6194715
20180226T2300,-6.8894715
20180227T0000,-7.3094716
20180227T0100,-7.6194715
20180227T0200,-7.8794713
20180227T0300,-8.109471
20180227T0400,-8.359471
20180227T0500,-8.549471
20180227T0600,-8.649471
20180227T0700,-8.259471
20180227T0800,-6.7394714
20180227T0900,-5.4194713
20180227T1000,-4.9094715
20180227T1100,-4.209471
20180227T1200,-3.8394713
20180227T1300,-3.7394714
20180227T1400,-3.6394715
20180227T1500,-3.6794715
20180227T1600,-3.8894715
20180227T1700,-4.4794717
20180227T1800,-4.9294715
20180227T1900,-5.4794717
20180227T2000,-5.8194714
20180227T2100,-5.9094715
20180227T2200,-6.0794716
20180227T2300,-6.2994714
20180228T0000,-6.5394716
20180228T0100,-6.6794715
20180228T0200,-6.8394713
20180228T0300,-7.1094713
20180228T0400,-7.3994713
20180228T0500,-7.6894712
20180228T0600,-8.019471
20180228T0700,-7.8294716
20180228T0800,-6.8994713
20180228T0900,-5.3994713
20180228T1000,-3.8894715
20180228T1100,-2.6094716
20180228T1200,-1.8294713
20180228T1300,-1.0494714
20180228T1400,-0.6094713
20180228T1500,-0.65947133
20180228T1600,-1.0594714
20180228T1700,-2.1294715
20180228T1800,-2.9394715
20180228T1900,-3.2994714
20180228T2000,-3.0694714
20180228T2100,-3.2594714
20180228T2200,-3.2194715
20180228T2300,-3.2294714
20180301T0000,-3.1594715
20180301T0100,-3.0594714
20180301T0200,-2.6094716
20180301T0300,-2.5494714
20180301T0400,-2.1694715
20180301T0500,-3.5094714
20180301T0600,-4.1894712
20180301T0700,-3.4094715
20180301T0800,-2.6594715
20180301T0900,-2.2194715
20180301T1000,-1.3894713
20180301T1100,-0.30947134
20180301T1200,0.80052865
20180301T1300,1.4505286
20180301T1400,2.0805285
20180301T1500,2.0405285
20180301T1600,1.9305286
20180301T1700,1.5005287
20180301T1800,0.7105287
20180301T1900,0.61052865
20180301T2000,0.44052866
20180301T2100,0.48052865
20180301T2200,0.31052867
20180301T2300,-0.26947135
20180302T0000,-1.0194713
20180302T0100,-1.9794713
20180302T0200,-1.9294714
20180302T0300,-2.0694714
20180302T0400,-2.1194715
20180302T0500,-2.0894713
20180302T0600,-2.0494714
20180302T0700,-1.6094713
20180302T0800,-0.48947132
20180302T0900,0.110528655
20180302T1000,0.90052867
20180302T1100,1.2105286
20180302T1200,1.5805286
20180302T1300,1.3505287
20180302T1400,2.0805285
20180302T1500,5.7405286
20180302T1600,5.8905287
20180302T1700,5.7605286
20180302T1800,4.1205287
20180302T1900,3.3605285
20180302T2000,2.2105286
20180302T2100,2.4405286
20180302T2200,2.4405286
20180302T2300,1.2105286
20180303T0000,-0.28947133
20180303T0100,0.8905287
20180303T0200,2.0105286
20180303T0300,-0.15947133
20180303T0400,-0.059471346
20180303T0500,-0.30947134
20180303T0600,-0.89947134
20180303T0700,0.9505287
20180303T0800,3.1105285
20180303T0900,4.5905285
20180303T1000,5.9405284
20180303T1100,7.6305285
20180303T1200,10.160529
20180303T1300,10.710529
20180303T1400,10.540529
20180303T1500,9.8005295
20180303T1600,8.710529
20180303T1700,7.9405284
20180303T1800,7.790529
20180303T1900,7.3705287
20180303T2000,7.1205287
20180303T2100,7.3105288
20180303T2200,7.0805287
20180303T2300,6.4405284
20180304T0000,5.5705285
20180304T0100,4.790529
20180304T0200,3.9605286
20180304T0300,3.3505285
20180304T0400,3.8005285
20180304T0500,3.6105285
20180304T0600,1.3505287
20180304T0700,1.3705287
20180304T0800,4.5105286
20180304T0900,8.360529
20180304T1000,10.600529
20180304T1100,12.720529
20180304T1200,12.350529
20180304T1300,13.200529
20180304T1400,13.490529
20180304T1500,13.410529
20180304T1600,13.310529
20180304T1700,12.080529
20180304T1800,11.430529
20180304T1900,10.380529
20180304T2000,10.160529
20180304T2100,9.820529
20180304T2200,9.120529
20180304T2300,8.640529
20180305T0000,8.220529
20180305T0100,8.110529
20180305T0200,7.9905286
20180305T0300,7.6805286
20180305T0400,7.5805287
20180305T0500,7.0105286
20180305T0600,6.1405287
20180305T0700,5.4405284
20180305T0800,7.2805285
20180305T0900,8.760529
20180305T1000,9.810529
20180305T1100,11.210529
20180305T1200,12.510529
20180305T1300,13.540529
20180305T1400,13.920529
20180305T1500,14.0505295
20180305T1600,13.8005295
20180305T1700,13.220529
20180305T1800,12.290529
20180305T1900,10.380529
20180305T2000,9.0505295
20180305T2100,8.170529
20180305T2200,7.9305286
20180305T2300,8.160529
20180306T0000,8.160529
20180306T0100,7.8505287
20180306T0200,7.7805285
20180306T0300,7.6005287
20180306T0400,7.5105286
20180306T0500,7.2705283
20180306T0600,6.7605286
20180306T0700,7.540529
20180306T0800,8.510529
20180306T0900,9.690529
20180306T1000,10.370529
20180306T1100,10.490529
20180306T1200,9.830529
20180306T1300,9.630529
20180306T1400,10.150529
20180306T1500,10.150529
20180306T1600,9.850529
20180306T1700,9.290529
20180306T1800,8.560529
20180306T1900,7.5905285
20180306T2000,6.8105288
20180306T2100,5.5505285
20180306T2200,3.8505285
20180306T2300,2.5105286
20180307T0000,1.8805287
20180307T0100,2.0405285
20180307T0200,3.4105287
20180307T0300,4.3305287
20180307T0400,4.8605285
20180307T0500,3.1805286
20180307T0600,2.3505285
20180307T0700,2.6105285
20180307T0800,5.0705285
20180307T0900,8.000528
20180307T1000,8.650529
20180307T1100,7.9505286
20180307T1200,8.810529
20180307T1300,8.830529
20180307T1400,8.880529
20180307T1500,8.640529
20180307T1600,8.730529
20180307T1700,7.6305285
20180307T1800,6.9005284
20180307T1900,5.7405286
20180307T2000,5.2605286
20180307T2100,5.0505285
20180307T2200,4.8405285
20180307T2300,4.5605288
20180308T0000,4.3005285
20180308T0100,3.9605286
20180308T0200,3.7205286
20180308T0300,3.4705286
20180308T0400,3.0905285
20180308T0500,2.3105285
20180308T0600,1.5205287
20180308T0700,1.8705287
20180308T0800,4.290529
20180308T0900,7.3605285
20180308T1000,9.870529
20180308T1100,10.510529
20180308T1200,12.710529
20180308T1300,13.580529
20180308T1400,13.890529
20180308T1500,13.860529
20180308T1600,13.370529
20180308T1700,12.590529
20180308T1800,11.510529
20180308T1900,10.250529
20180308T2000,9.790529
20180308T2100,9.870529
20180308T2200,8.290529
20180308T2300,7.8705287
20180309T0000,7.6005287
20180309T0100,7.4005284
20180309T0200,6.9305286
20180309T0300,6.3205285
20180309T0400,6.6605287
20180309T0500,7.7205286
20180309T0600,7.5605288
20180309T0700,7.6005287
20180309T0800,9.690529
20180309T0900,12.100529
20180309T1000,11.950529
20180309T1100,11.100529
20180309T1200,15.480529
20180309T1300,16.910528
20180309T1400,17.56053
20180309T1500,17.740528
20180309T1600,17.170528
20180309T1700,15.110529
20180309T1800,12.910529
20180309T1900,12.660529
20180309T2000,11.690529
20180309T2100,11.750529
20180309T2200,11.400529
20180309T2300,10.700529
20180310T0000,10.750529
20180310T0100,10.740529
20180310T0200,10.670529
20180310T0300,10.690529
20180310T0400,9.760529
20180310T0500,8.870529
20180310T0600,8.660529
20180310T0700,8.220529
20180310T0800,8.590529
20180310T0900,9.540529
20180310T1000,10.490529
20180310T1100,12.650529
20180310T1200,11.260529
20180310T1300,12.620529
20180310T1400,16.13053
20180310T1500,16.660528
20180310T1600,16.920528
20180310T1700,14.880529
20180310T1800,13.330529
20180310T1900,12.420529
20180310T2000,11.350529
20180310T2100,9.780529
20180310T2200,9.270529
20180310T2300,9.070529
20180311T0000,9.230529
20180311T0100,9.230529
20180311T0200,8.200529
20180311T0300,7.4405284
20180311T0400,7.7405286
20180311T0500,7.7405286
20180311T0600,7.8305287
20180311T0700,7.9105287
20180311T0800,9.680529
20180311T0900,10.280529
20180311T1000,10.400529
20180311T1100,9.120529
20180311T1200,9.490529
20180311T1300,9.240529
20180311T1400,9.530529
20180311T1500,10.0505295
20180311T1600,11.920529
20180311T1700,10.340529
20180311T1800,8.950529
20180311T1900,8.060529
20180311T2000,7.3105288
20180311T2100,7.0305285
20180311T2200,7.8205285
20180311T2300,8.840529
20180312T0000,8.570529
20180312T0100,9.270529
20180312T0200,9.360529
20180312T0300,8.370529
20180312T0400,8.200529
20180312T0500,7.9705286
20180312T0600,8.190529
20180312T0700,9.230529
20180312T0800,11.480529
20180312T0900,11.670529
20180312T1000,11.760529
20180312T1100,11.920529
20180312T1200,13.380529
20180312T1300,13.250529
20180312T1400,13.020529
20180312T1500,13.150529
20180312T1600,12.650529
20180312T1700,11.470529
20180312T1800,10.000529
20180312T1900,9.420529
20180312T2000,9.070529
20180312T2100,8.910529
20180312T2200,7.7505283
20180312T2300,7.2005286
20180313T0000,6.6205287
20180313T0100,6.1805286
20180313T0200,5.7205286
20180313T0300,5.5205283
20180313T0400,5.4705286
20180313T0500,5.9705286
20180313T0600,6.1005287
20180313T0700,6.4505286
20180313T0800,7.1005287
20180313T0900,7.5305285
20180313T1000,7.8605285
20180313T1100,8.440529
20180313T1200,10.450529
20180313T1300,10.640529
20180313T1400,10.030529
20180313T1500,10.410529
20180313T1600,10.080529
20180313T1700,9.580529
20180313T1800,8.940529
20180313T1900,8.410529
20180313T2000,8.070529
20180313T2100,7.6105285
20180313T2200,7.4005284
20180313T2300,7.0005283
20180314T0000,6.9405284
20180314T0100,6.9105287
20180314T0200,6.8805285
20180314T0300,6.6605287
20180314T0400,5.7805285
20180314T0500,5.6505284
20180314T0600,5.6505284
20180314T0700,5.9905286
20180314T0800,7.2605286
20180314T0900,8.280529
20180314T1000,9.200529
20180314T1100,10.060529
20180314T1200,12.110529
20180314T1300,13.140529
20180314T1400,13.900529
20180314T1500,14.140529
20180314T1600,13.890529
20180314T1700,12.970529
20180314T1800,11.080529
20180314T1900,8.940529
20180314T2000,8.120529
20180314T2100,6.9505286
20180314T2200,5.6805286
20180314T2300,4.7605286
20180315T0000,4.2805285
20180315T0100,3.7205286
20180315T0200,3.3705285
20180315T0300,3.3705285
20180315T0400,3.7305286
20180315T0500,3.5705285
20180315T0600,3.6005285
20180315T0700,4.2505283
20180315T0800,4.5805287
20180315T0900,5.1305285
20180315T1000,6.8005285
20180315T1100,8.470529
20180315T1200,8.430529
20180315T1300,9.230529
20180315T1400,10.590529
20180315T1500,10.890529
20180315T1600,10.560529
20180315T1700,9.070529
20180315T1800,8.910529
20180315T1900,8.950529
20180315T2000,8.440529
20180315T2100,8.530529
20180315T2200,8.230529
20180315T2300,7.4405284
20180316T0000,6.0805287
20180316T0100,5.5705285
20180316T0200,4.9305286
20180316T0300,5.1205287
20180316T0400,7.4005284
20180316T0500,6.6505284
20180316T0600,6.2105284
20180316T0700,7.290529
20180316T0800,8.660529
20180316T0900,9.490529
20180316T1000,9.360529
20180316T1100,9.8005295
20180316T1200,11.360529
20180316T1300,11.600529
20180316T1400,11.820529
20180316T1500,12.040529
20180316T1600,11.860529
20180316T1700,11.330529
20180316T1800,10.820529
20180316T1900,10.230529
20180316T2000,9.390529
20180316T2100,7.8305287
20180316T2200,6.8205285
20180316T2300,6.1905284
20180317T0000,5.2705283
20180317T0100,4.2805285
20180317T0200,3.3905284
20180317T0300,2.6605287
20180317T0400,2.4805286
20180317T0500,2.4605286
20180317T0600,2.3805285
20180317T0700,3.4605286
20180317T0800,5.4605284
20180317T0900,7.2205286
20180317T1000,8.580529
20180317T1100,10.040529
20180317T1200,8.710529
20180317T1300,7.6205287
20180317T1400,7.0005283
20180317T1500,6.5905285
20180317T1600,6.2205286
20180317T1700,6.0105286
20180317T1800,5.7505283
20180317T1900,4.8905287
20180317T2000,4.2605286
20180317T2100,4.6405287
20180317T2200,4.3405285
20180317T2300,4.2605286
20180318T0000,3.9705286
20180318T0100,3.8005285
20180318T0200,3.5405285
20180318T0300,3.2605286
20180318T0400,2.9605286
20180318T0500,2.8705285
20180318T0600,2.9705286
20180318T0700,3.8905284
20180318T0800,5.4205284
20180318T0900,6.9305286
20180318T1000,7.5105286
20180318T1100,7.1905284
20180318T1200,7.5305285
20180318T1300,8.590529
20180318T1400,8.450529
20180318T1500,8.560529
20180318T1600,8.400529
20180318T1700,7.5005283
20180318T1800,5.8805285
20180318T1900,4.4705286
20180318T2000,4.1305285
20180318T2100,3.6305285
20180318T2200,2.9605286
20180318T2300,1.6805286
20180319T0000,0.80052865
20180319T0100,-0.24947134
20180319T0200,-0.77947134
20180319T0300,-1.3994713
20180319T0400,-1.6794714
20180319T0500,-1.6294713
20180319T0600,-1.7994714
20180319T0700,-1.4394714
20180319T0800,0.08052866
20180319T0900,1.9005287
20180319T1000,3.4105287
20180319T1100,5.1005287
20180319T1200,6.0505285
20180319T1300,6.0305285
20180319T1400,6.6205287
20180319T1500,6.9805284
20180319T1600,7.2105284
20180319T1700,7.2305284
20180319T1800,6.4105287
20180319T1900,4.540529
20180319T2000,4.7405286
20180319T2100,3.8105285
20180319T2200,3.5805285
20180319T2300,2.7205286
20180320T0000,1.6405287
20180320T0100,1.9305286
20180320T0200,1.5405287
20180320T0300,1.1605287
20180320T0400,0.12052866
20180320T0500,-1.2794713
20180320T0600,-2.5094714
20180320T0700,-1.1694714
20180320T0800,2.3605285
20180320T0900,3.3005285
20180320T1000,4.1905284
20180320T1100,5.4705286
20180320T1200,5.9005284
20180320T1300,6.4205284
20180320T1400,6.1105285
20180320T1500,5.3305287
20180320T1600,4.5705285
20180320T1700,4.2605286
20180320T1800,3.4405286
20180320T1900,2.8905284
20180320T2000,2.6205285
20180320T2100,1.9205287
20180320T2200,1.5305287
20180320T2300,0.34052867
20180321T0000,-1.1494713
20180321T0100,-1.7594713
20180321T0200,-2.2994714
20180321T0300,-2.8794715
20180321T0400,-3.3994715
20180321T0500,-3.7194715
20180321T0600,-3.7494714
20180321T0700,-2.7094715
20180321T0800,-0.20947134
20180321T0900,2.4805286
20180321T1000,3.7105286
20180321T1100,4.6305285
20180321T1200,5.4905286
20180321T1300,6.0805287
20180321T1400,6.3505287
20180321T1500,6.3705287
20180321T1600,6.1305285
20180321T1700,5.4605284
20180321T1800,4.1105285
20180321T1900,2.3005285
20180321T2000,-0.059471346
20180321T2100,-0.6094713
20180321T2200,-0.4994713
20180321T2300,-1.0194713
20180322T0000,-0.9194713
20180322T0100,-0.94947135
20180322T0200,-1.0094713
20180322T0300,-1.1194713
20180322T0400,-1.0094713
20180322T0500,-0.69947135
20180322T0600,-0.21947134
20180322T0700,2.0005286
20180322T0800,4.1705284
20180322T0900,5.7605286
20180322T1000,7.1305285
20180322T1100,7.5905285
20180322T1200,8.040529
20180322T1300,8.200529
20180322T1400,6.2205286
20180322T1500,5.4305286
20180322T1600,5.9405284
20180322T1700,5.5705285
20180322T1800,4.8805285
20180322T1900,3.9705286
20180322T2000,3.6705287
20180322T2100,3.7105286
20180322T2200,3.7305286
20180322T2300,3.8005285
20180323T0000,3.7405286
20180323T0100,3.5605285
20180323T0200,3.5505285
20180323T0300,3.5405285
20180323T0400,3.5305285
20180323T0500,3.5305285
20180323T0600,3.8105285
20180323T0700,4.9405284
20180323T0800,6.3405285
20180323T0900,6.6305285
20180323T1000,7.3705287
20180323T1100,7.8805285
20180323T1200,9.310529
20180323T1300,10.080529
20180323T1400,10.630529
20180323T1500,10.760529
20180323T1600,10.620529
20180323T1700,10.000529
20180323T1800,8.900529
20180323T1900,8.040529
20180323T2000,7.0305285
20180323T2100,6.6805286
20180323T2200,6.2305284
20180323T2300,5.2005286
20180324T0000,2.8405285
20180324T0100,1.1805286
20180324T0200,0.84052867
20180324T0300,0.73052865
20180324T0400,0.16052866
20180324T0500,-0.11947135
20180324T0600,0.35052866
20180324T0700,2.1605287
20180324T0800,5.1205287
20180324T0900,7.5305285
20180324T1000,9.780529
20180324T1100,11.360529
20180324T1200,11.260529
20180324T1300,11.980529
20180324T1400,12.400529
20180324T1500,12.570529
20180324T1600,12.440529
20180324T1700,11.820529
20180324T1800,11.090529
20180324T1900,10.060529
20180324T2000,9.0505295
20180324T2100,8.480529
20180324T2200,7.6305285
20180324T2300,6.6805286
20180325T0000,6.2705283
20180325T0100,6.0005283
20180325T0200,5.7005286
20180325T0300,5.2505283
20180325T0400,4.9505286
20180325T0500,5.2305284
20180325T0600,5.5605288
20180325T0700,5.8405285
20180325T0800,7.4405284
20180325T0900,9.400529
20180325T1000,11.080529
20180325T1100,12.390529
20180325T1200,13.010529
20180325T1300,13.180529
20180325T1400,13.780529
20180325T1500,13.770529
20180325T1600,13.510529
20180325T1700,12.730529
20180325T1800,11.190529
20180325T1900,10.160529
20180325T2000,9.450529
20180325T2100,8.720529
20180325T2200,7.6205287
20180325T2300,6.8605285
20180326T0000,6.6405287
20180326T0100,6.5705285
20180326T0200,6.1505284
20180326T0300,5.6105285
20180326T0400,5.7005286
20180326T0500,6.1805286
20180326T0600,6.4905286
20180326T0700,7.0805287
20180326T0800,8.8005295
20180326T0900,9.930529
20180326T1000,10.260529
20180326T1100,10.520529
20180326T1200,11.860529
20180326T1300,12.310529
20180326T1400,12.430529
20180326T1500,12.520529
20180326T1600,12.500529
20180326T1700,11.960529
20180326T1800,10.230529
20180326T1900,9.430529
20180326T2000,8.380529
20180326T2100,7.0605288
20180326T2200,6.2605286
20180326T2300,6.3605285
20180327T0000,5.8105288
20180327T0100,6.2605286
20180327T0200,6.3605285
20180327T0300,5.6205287
20180327T0400,4.2805285
20180327T0500,3.5505285
20180327T0600,3.0105286
20180327T0700,5.3405285
20180327T0800,7.3405285
20180327T0900,9.330529
20180327T1000,10.180529
20180327T1100,11.110529
20180327T1200,12.070529
20180327T1300,12.370529
20180327T1400,11.970529
20180327T1500,11.060529
20180327T1600,11.030529
20180327T1700,9.970529
20180327T1800,8.160529
20180327T1900,7.7605286
20180327T2000,8.040529
20180327T2100,8.730529
20180327T2200,9.220529
20180327T2300,9.230529
20180328T0000,9.360529
20180328T0100,9.210529
20180328T0200,8.830529
20180328T0300,8.060529
20180328T0400,8.390529
20180328T0500,7.7005286
20180328T0600,7.6005287
20180328T0700,8.400529
20180328T0800,9.420529
20180328T0900,10.230529
20180328T1000,12.090529
20180328T1100,12.970529
20180328T1200,14.060529
20180328T1300,14.500529
20180328T1400,14.3005295
20180328T1500,13.430529
20180328T1600,13.510529
20180328T1700,12.610529
20180328T1800,12.080529
20180328T1900,11.100529
20180328T2000,10.630529
20180328T2100,9.370529
20180328T2200,7.3805285
20180328T2300,6.3805285
20180329T0000,5.4105287
20180329T0100,4.6305285
20180329T0200,3.9805286
20180329T0300,4.0105286
20180329T0400,4.1105285
20180329T0500,4.020529
20180329T0600,4.4405284
20180329T0700,4.3305287
20180329T0800,4.2005286
20180329T0900,5.4605284
20180329T1000,6.8005285
20180329T1100,7.8305287
20180329T1200,10.680529
20180329T1300,10.370529
20180329T1400,10.490529
20180329T1500,10.500529
20180329T1600,10.640529
20180329T1700,10.700529
20180329T1800,10.160529
20180329T1900,9.370529
20180329T2000,8.280529
20180329T2100,6.540529
20180329T2200,5.7805285
20180329T2300,4.1905284
20180330T0000,3.5605285
20180330T0100,3.9205287
20180330T0200,4.3805285
20180330T0300,4.4705286
20180330T0400,5.0205283
20180330T0500,3.5605285
20180330T0600,4.790529
20180330T0700,6.4505286
20180330T0800,8.690529
20180330T0900,10.260529
20180330T1000,11.630529
20180330T1100,13.510529
20180330T1200,15.700529
20180330T1300,16.30053
20180330T1400,17.280529
20180330T1500,16.88053
20180330T1600,10.330529
20180330T1700,9.000529
20180330T1800,8.720529
20180330T1900,8.100529
20180330T2000,7.6705284
20180330T2100,7.3305287
20180330T2200,6.9505286
20180330T2300,6.5105286
20180331T0000,6.1305285
20180331T0100,6.0605288
20180331T0200,6.1005287
20180331T0300,5.7805285
20180331T0400,5.7105284
20180331T0500,5.5905285
20180331T0600,5.6805286
20180331T0700,5.8205285
20180331T0800,6.4205284
20180331T0900,7.5005283
20180331T1000,8.600529
20180331T1100,9.750529
20180331T1200,9.660529
20180331T1300,10.200529
20180331T1400,10.420529
20180331T1500,10.8005295
20180331T1600,10.890529
20180331T1700,10.620529
20180331T1800,9.850529
20180331T1900,8.410529
20180331T2000,8.420529
20180331T2100,8.820529
20180331T2200,7.6905284
20180331T2300,7.2805285
20180401T0000,6.9805284
20180401T0100,5.6805286
20180401T0200,5.6705284
20180401T0300,5.5305285
20180401T0400,4.9705286
20180401T0500,4.3305287
20180401T0600,4.7605286
20180401T0700,5.3505287
20180401T0800,6.3305287
20180401T0900,7.2705283
20180401T1000,7.2805285
20180401T1100,7.6005287
20180401T1200,8.370529
20180401T1300,9.650529
20180401T1400,9.810529
20180401T1500,9.860529
20180401T1600,9.450529
20180401T1700,8.850529
20180401T1800,7.8905287
20180401T1900,6.6305285
20180401T2000,5.3805285
20180401T2100,3.8305285
20180401T2200,2.4005284
20180401T2300,1.8605287
20180402T0000,1.6105287
20180402T0100,2.7505286
20180402T0200,2.8005285
20180402T0300,1.7705287
20180402T0400,1.3505287
20180402T0500,0.13052866
20180402T0600,0.48052865
20180402T0700,4.2305284
20180402T0800,8.770529
20180402T0900,12.100529
20180402T1000,14.500529
20180402T1100,15.950529
20180402T1200,18.090528
20180402T1300,19.270529
20180402T1400,19.840528
20180402T1500,20.31053
20180402T1600,17.81053
20180402T1700,17.13053
20180402T1800,16.580528
20180402T1900,14.870529
20180402T2000,12.940529
20180402T2100,11.850529
20180402T2200,12.030529
20180402T2300,12.720529
20180403T0000,12.290529
20180403T0100,11.410529
20180403T0200,10.990529
20180403T0300,10.840529
20180403T0400,10.900529
20180403T0500,11.220529
20180403T0600,9.400529
20180403T0700,10.520529
20180403T0800,14.240529
20180403T0900,16.530529
20180403T1000,17.780529
20180403T1100,17.05053
20180403T1200,20.39053
20180403T1300,20.81053
20180403T1400,21.440529
20180403T1500,20.95053
20180403T1600,20.670528
20180403T1700,19.57053
20180403T1800,17.82053
20180403T1900,16.04053
20180403T2000,14.270529
20180403T2100,12.400529
20180403T2200,11.610529
20180403T2300,11.280529
20180404T0000,11.100529
20180404T0100,10.710529
20180404T0200,9.480529
20180404T0300,8.790529
20180404T0400,7.9805284
20180404T0500,6.2105284
20180404T0600,5.8705287
20180404T0700,8.380529
20180404T0800,13.580529
20180404T0900,17.29053
20180404T1000,17.30053
20180404T1100,15.590529
20180404T1200,15.890529
20180404T1300,11.900529
20180404T1400,8.850529
20180404T1500,10.860529
20180404T1600,13.100529
20180404T1700,14.030529
20180404T1800,12.720529
20180404T1900,12.250529
20180404T2000,11.700529
20180404T2100,11.540529
20180404T2200,10.200529
20180404T2300,9.700529
20180405T0000,10.280529
20180405T0100,9.340529
20180405T0200,8.940529
20180405T0300,8.190529
20180405T0400,7.7805285
20180405T0500,6.9005284
20180405T0600,7.5805287
20180405T0700,9.210529
20180405T0800,10.350529
20180405T0900,10.180529
20180405T1000,10.520529
20180405T1100,10.590529
20180405T1200,11.840529
20180405T1300,12.240529
20180405T1400,11.8005295
20180405T1500,11.390529
20180405T1600,11.330529
20180405T1700,10.880529
20180405T1800,9.650529
20180405T1900,8.140529
20180405T2000,7.3205285
20180405T2100,7.2505283
20180405T2200,6.6305285
20180405T2300,5.1005287
20180406T0000,4.2705283
20180406T0100,3.7005286
20180406T0200,3.0905285
20180406T0300,2.6705287
20180406T0400,2.5505285
20180406T0500,2.6105285
20180406T0600,3.9605286
20180406T0700,6.4305286
20180406T0800,8.500529
20180406T0900,10.630529
20180406T1000,12.540529
20180406T1100,14.250529
20180406T1200,16.63053
20180406T1300,17.740528
20180406T1400,18.55053
20180406T1500,19.05053
20180406T1600,18.96053
20180406T1700,18.180529
20180406T1800,16.250528
20180406T1900,13.650529
20180406T2000,11.330529
20180406T2100,10.660529
20180406T2200,10.480529
20180406T2300,9.450529
20180407T0000,8.990529
20180407T0100,8.700529
20180407T0200,8.490529
20180407T0300,7.9305286
20180407T0400,7.1605287
20180407T0500,5.9005284
20180407T0600,6.1205287
20180407T0700,8.090529
20180407T0800,11.250529
20180407T0900,14.070529
20180407T1000,16.520529
20180407T1100,18.420528
20180407T1200,20.62053
20180407T1300,21.770529
20180407T1400,22.47053
20180407T1500,22.830528
20180407T1600,22.81053
20180407T1700,22.190529
20180407T1800,21.04053
20180407T1900,18.07053
20180407T2000,15.510529
20180407T2100,13.370529
20180407T2200,11.910529
20180407T2300,11.010529
20180408T0000,10.870529
20180408T0100,11.3005295
20180408T0200,11.000529
20180408T0300,9.870529
20180408T0400,9.040529
20180408T0500,8.700529
20180408T0600,9.680529
20180408T0700,11.950529
20180408T0800,14.860529
20180408T0900,17.64053
20180408T1000,19.850529
20180408T1100,21.47053
20180408T1200,22.15053
20180408T1300,23.030529
20180408T1400,23.350529
20180408T1500,23.39053
20180408T1600,22.98053
20180408T1700,21.680529
20180408T1800,19.37053
20180408T1900,16.57053
20180408T2000,14.590529
20180408T2100,13.140529
20180408T2200,11.480529
20180408T2300,10.110529
20180409T0000,9.910529
20180409T0100,9.160529
20180409T0200,8.080529
20180409T0300,7.6405287
20180409T0400,8.220529
20180409T0500,8.360529
20180409T0600,9.310529
20180409T0700,10.400529
20180409T0800,13.730529
20180409T0900,16.62053
20180409T1000,18.14053
20180409T1100,17.45053
20180409T1200,19.940529
20180409T1300,20.30053
20180409T1400,19.23053
20180409T1500,18.440529
20180409T1600,17.64053
20180409T1700,16.97053
20180409T1800,16.20053
20180409T1900,15.650529
20180409T2000,15.580529
20180409T2100,15.400529
20180409T2200,14.700529
20180409T2300,13.930529
20180410T0000,13.310529
20180410T0100,12.480529
20180410T0200,11.370529
20180410T0300,10.770529
20180410T0400,10.780529
20180410T0500,10.710529
20180410T0600,10.870529
20180410T0700,10.980529
20180410T0800,11.140529
20180410T0900,11.620529
20180410T1000,11.140529
20180410T1100,12.460529
20180410T1200,14.630529
20180410T1300,15.490529
20180410T1400,14.280529
20180410T1500,13.580529
20180410T1600,11.540529
20180410T1700,10.3005295
20180410T1800,9.810529
20180410T1900,9.340529
20180410T2000,8.720529
20180410T2100,7.4105287
20180410T2200,5.7005286
20180410T2300,5.4905286
20180411T0000,5.3805285
20180411T0100,5.2005286
20180411T0200,4.6805286
20180411T0300,4.5205283
20180411T0400,4.2205286
20180411T0500,4.1005287
20180411T0600,5.5505285
20180411T0700,7.790529
20180411T0800,10.140529
20180411T0900,13.060529
20180411T1000,14.660529
20180411T1100,16.250528
20180411T1200,18.110529
20180411T1300,18.500528
20180411T1400,18.88053
20180411T1500,19.090528
20180411T1600,18.440529
20180411T1700,17.73053
20180411T1800,16.240528
20180411T1900,14.230529
20180411T2000,13.740529
20180411T2100,13.640529
20180411T2200,12.430529
20180411T2300,11.990529
20180412T0000,11.500529
20180412T0100,10.790529
20180412T0200,9.400529
20180412T0300,9.170529
20180412T0400,8.100529
20180412T0500,7.800529
